Year,TeamID,SOS,Adj. Win%
2005,10,4,18.62166452
2007,6,11,23.81381525
2009,4,9,24.78243828
2010,9,10,0.260242903
2014,2,12,74.4069706
2009,2,4,86.02962533
2007,5,3,68.66333099
2011,7,9,96.39027517
2008,1,6,90.84941855
2009,4,9,80.44498351
2007,9,11,7.695704241
2013,5,6,70.42621431
2009,5,3,34.71034934
2005,2,12,22.15236179
2012,9,11,55.10214221
2011,10,9,67.01903712
2014,7,5,78.45875174
2011,6,12,88.1154214
2015,3,3,52.02322672
